{
  "Author": "Jukka",
  "Name": "NecroLens",
  "InternalName": "NecroLens",
  "AssemblyVersion": "1.0.1.0",
  "Description": "DeepDungeon Helper. Radar for Mobs, Aggro, Sight and everything else.",
  "ApplicableVersion": "any",
  "RepoUrl": "https://github.com/Jukkales/NecroLens",
  "Tags": [
    "potd",
    "hoh",
    "eo",
    "esp",
    "radar",
    "sonar",
    "deep",
    "dungeon"
  ],
  "DalamudApiLevel": 8,
  "LoadRequiredState": 0,
  "LoadSync": false,
  "LoadPriority": 0,
  "IconUrl": "https://github.com/Jukkales/NecroLens/raw/main/icon.png",
  "Punchline": "A true Necromancer always know the DeepDungeon ... everyone else just uses a high tech!",
  "AcceptsFeedback": true
}